driving	birthday	education	play	tool	plane	handle	dollar
solid	whatever	able	earth	dry	specific	do	take
quarter	let	die	caught	usual	spoken	business	saved
aware	interest	interest	game	frequently	basket	deal	helpful
attack	metal	dawn	eleven	snake	produce	level	there
won	ability	produce	animal	little	hunter	solve	record
symbol	glass	positive	tie	plant	were	experience	bag
machinery	breakfast	damage	gate	shirt	bat	brave	bread
shown	enjoy	full	sure	if	seems	slope	modern
mission	told	new	term	card	habit	running	guess
leaf	teacher	flag	wise	rubber	thrown	scientific	send
motor	saved	weak	attempt	friendly	tide	wise	pain
vast	transportation	population	bar	dirty	grown	pressure	cent
fighting	island	close	spell	either	around	college	classroom
these	science	rose	partly	ball	ready	newspaper	pale
attention	fur	owner	pool	crop	correctly	over	percent
chosen	audience	massage	might	soil	wheel	tired	gas
horse	field	chose	of	everyone	fallen	wheat	rising
mathematics	angry	good	know	crowd	share	audience	date
factory	between	dog	try	driver	brass	blind	nervous
damage	neighborhood	worried	sister	discover	paint	ride	catch
beneath	characteristic	pocket	tales	spin	while	rubbed	generally
feet	willing	dull	almost	flame	wish	manner	mainly
field	refer	paper	purpose	anywhere	duck	floor	even
importance	supper	tank	tune	low	tip	sitting	slabs
cat	stone	plant	outer	answer	steam	guard	ground
turn	tax	opposite	harder	buried	person	double	everybody
trace	chose	top	outside	organized	danger	poor	evening
rhyme	relationship	anyone	entire	couple	college	there	themselves
teach	blue	larger	flight	population	certain	whether	two
fat	turn	troops	account	while	magnet	depth	careful
layers	white	map	sheet	memory	alone	practice	vertical
far	twice	useful	beyond	today	press	replied	phrase
win	firm	action	band	snake	feathers	variety	mysterious
develop	western	pet	pass	instance	blood	aboard	ordinary
lonely	had	while	opportunity	therefore	silver	entirely	foot
therefore	class	face	post	symbol	wherever	baseball	gather
close	yes	vapor	saved	ride	broke	official	tax
physical	found	able	string	height	voyage	farmer	life
single	naturally	detail	depth	spell	tea	track	since
home	rising	enjoy	cent	gave	rising	announced	progress
society	am	baseball	sea	got	unknown	coat	sides
distance	own	sure	roof	fast	bet	hand	brief
soldier	until	upward	meat	upon	music	club	movement
not	largest	fix	term	does	sleep	rocky	slightly
fish	grow	corner	pleasant	aloud	origin	saw	fellow
class	foot	locate	buy	disappear	place	war	range
leaf	bigger	face	cage	something	any	tried	yard
missing	running	complete	card	happily	rhyme	main	same
balloon	production	tax	hardly	air	mirror	satellites	floor